{"classifiers": ["Intended Audience :: Developers", "License :: OSI Approved :: Apache Software License", "Natural Language :: English", "Programming Language :: Python :: 2.7", "Programming Language :: Python :: 3.4", "Programming Language :: Python :: 3.5"], "description_content_type": "UNKNOWN", "extensions": {"python.details": {"document_names": {"description": "DESCRIPTION.rst"}, "project_urls": {"Home": "http://tinkerpop.apache.org"}}}, "extras": [], "generator": "bdist_wheel (0.30.0)", "license": "Apache 2", "metadata_version": "2.0", "name": "gremlinpython", "run_requires": [{"requires": ["aenum (>=1.4.5)", "six (>=1.10.0)", "tornado (>=4.4.1)"]}], "summary": "Gremlin-Python for Apache TinkerPop", "test_requires": [{"requires": ["PyHamcrest", "mock", "pytest", "radish-bdd (==0.8.0)"]}], "version": "3.3.1"}